,de,en,es,it,accuracy,macro avg,weighted avg
precision,0.6854256854256854,0.7186009538950715,0.6833855799373041,0.685,0.69296875,0.6931030548145153,0.6931030548145153
recall,0.7421875,0.70625,0.68125,0.6421875,0.69296875,0.69296875,0.69296875
f1-score,0.7126781695423856,0.7123719464144996,0.6823161189358372,0.6629032258064517,0.69296875,0.6925673651747936,0.6925673651747936
support,640.0,640.0,640.0,640.0,0.69296875,2560.0,2560.0
