,en,de,nl,es,it,ja,ta,accuracy,macro avg,weighted avg
precision,0.4012345679012346,0.40404040404040403,0.43548387096774194,0.275827482447342,0.39289940828402364,0.5272277227722773,0.5531914893617021,0.4296875,0.42712927796781797,0.4271292779678179
recall,0.43526785714285715,0.26785714285714285,0.39174107142857145,0.30691964285714285,0.3705357142857143,0.7131696428571429,0.5223214285714286,0.4296875,0.4296875,0.4296875
f1-score,0.41755888650963596,0.3221476510067114,0.41245593419506466,0.2905441098784997,0.38139000574382537,0.6062618595825426,0.5373134328358209,0.4296875,0.4239531256788715,0.42395312567887156
support,896.0,896.0,896.0,896.0,896.0,896.0,896.0,0.4296875,6272.0,6272.0
