,en,de,nl,es,it,ja,ta,tr,uz,accuracy,macro avg,weighted avg
precision,0.3594132029339853,0.37155963302752293,0.38922155688622756,0.3436426116838488,0.4186471663619744,0.4305111821086262,0.44329896907216493,0.34439834024896265,0.5146699266503667,0.4079861111111111,0.40170695433040887,0.4017069543304088
recall,0.3828125,0.421875,0.3385416666666667,0.2604166666666667,0.2981770833333333,0.7018229166666666,0.50390625,0.21614583333333334,0.5481770833333334,0.4079861111111111,0.40798611111111116,0.4079861111111111
f1-score,0.3707440100882724,0.3951219512195122,0.362116991643454,0.2962962962962963,0.3482889733840304,0.5336633663366337,0.4716636197440585,0.2656,0.5308953341740227,0.4079861111111111,0.39715450476514225,0.39715450476514225
support,768.0,768.0,768.0,768.0,768.0,768.0,768.0,768.0,768.0,0.4079861111111111,6912.0,6912.0
